<?xml version="1.0" encoding="UTF-8"?>
<BaliMessageLog>
    <Task name="Synthesis">
        <Message>
            <ID>35001786</ID>
            <Severity>1</Severity>
        </Message>
        <Message>
            <ID>35901328</ID>
            <Severity>1</Severity>
            <Dynamic>c:/lscc/radiant/3.1/ip/pmi/pmi_ice40up.v(1):</Dynamic>
            <Dynamic>c:/lscc/radiant/3.1/ip/pmi/pmi_addsub.v</Dynamic>
            <Navigation>c:/lscc/radiant/3.1/ip/pmi/pmi_ice40up.v</Navigation>
            <Navigation>1</Navigation>
        </Message>
        <Message>
            <ID>35901328</ID>
            <Severity>1</Severity>
            <Dynamic>c:/lscc/radiant/3.1/ip/pmi/pmi_addsub.v(40):</Dynamic>
            <Dynamic>c:/lscc/radiant/3.1/ip/pmi/../common/adder_subtractor/rtl/lscc_add_sub.v</Dynamic>
            <Navigation>c:/lscc/radiant/3.1/ip/pmi/pmi_addsub.v</Navigation>
            <Navigation>40</Navigation>
        </Message>
        <Message>
            <ID>35901328</ID>
            <Severity>1</Severity>
            <Dynamic>c:/lscc/radiant/3.1/ip/pmi/pmi_ice40up.v(2):</Dynamic>
            <Dynamic>c:/lscc/radiant/3.1/ip/pmi/pmi_add.v</Dynamic>
            <Navigation>c:/lscc/radiant/3.1/ip/pmi/pmi_ice40up.v</Navigation>
            <Navigation>2</Navigation>
        </Message>
        <Message>
            <ID>35901328</ID>
            <Severity>1</Severity>
            <Dynamic>c:/lscc/radiant/3.1/ip/pmi/pmi_add.v(50):</Dynamic>
            <Dynamic>c:/lscc/radiant/3.1/ip/pmi/../common/adder/rtl/lscc_adder.v</Dynamic>
            <Navigation>c:/lscc/radiant/3.1/ip/pmi/pmi_add.v</Navigation>
            <Navigation>50</Navigation>
        </Message>
        <Message>
            <ID>35901328</ID>
            <Severity>1</Severity>
            <Dynamic>c:/lscc/radiant/3.1/ip/pmi/pmi_ice40up.v(3):</Dynamic>
            <Dynamic>c:/lscc/radiant/3.1/ip/pmi/pmi_complex_mult.v</Dynamic>
            <Navigation>c:/lscc/radiant/3.1/ip/pmi/pmi_ice40up.v</Navigation>
            <Navigation>3</Navigation>
        </Message>
        <Message>
            <ID>35901328</ID>
            <Severity>1</Severity>
            <Dynamic>c:/lscc/radiant/3.1/ip/pmi/pmi_complex_mult.v(52):</Dynamic>
            <Dynamic>c:/lscc/radiant/3.1/ip/pmi/../common/complex_mult/rtl/lscc_complex_mult.v</Dynamic>
            <Navigation>c:/lscc/radiant/3.1/ip/pmi/pmi_complex_mult.v</Navigation>
            <Navigation>52</Navigation>
        </Message>
        <Message>
            <ID>35901328</ID>
            <Severity>1</Severity>
            <Dynamic>c:/lscc/radiant/3.1/ip/pmi/pmi_ice40up.v(4):</Dynamic>
            <Dynamic>c:/lscc/radiant/3.1/ip/pmi/pmi_counter.v</Dynamic>
            <Navigation>c:/lscc/radiant/3.1/ip/pmi/pmi_ice40up.v</Navigation>
            <Navigation>4</Navigation>
        </Message>
        <Message>
            <ID>35901328</ID>
            <Severity>1</Severity>
            <Dynamic>c:/lscc/radiant/3.1/ip/pmi/pmi_counter.v(39):</Dynamic>
            <Dynamic>c:/lscc/radiant/3.1/ip/pmi/../common/counter/rtl/lscc_cntr.v</Dynamic>
            <Navigation>c:/lscc/radiant/3.1/ip/pmi/pmi_counter.v</Navigation>
            <Navigation>39</Navigation>
        </Message>
        <Message>
            <ID>35901328</ID>
            <Severity>1</Severity>
            <Dynamic>c:/lscc/radiant/3.1/ip/pmi/pmi_ice40up.v(5):</Dynamic>
            <Dynamic>c:/lscc/radiant/3.1/ip/pmi/pmi_fifo.v</Dynamic>
            <Navigation>c:/lscc/radiant/3.1/ip/pmi/pmi_ice40up.v</Navigation>
            <Navigation>5</Navigation>
        </Message>
        <Message>
            <ID>35901328</ID>
            <Severity>1</Severity>
            <Dynamic>c:/lscc/radiant/3.1/ip/pmi/pmi_fifo.v(44):</Dynamic>
            <Dynamic>c:/lscc/radiant/3.1/ip/pmi/../common/fifo/rtl/lscc_fifo.v</Dynamic>
            <Navigation>c:/lscc/radiant/3.1/ip/pmi/pmi_fifo.v</Navigation>
            <Navigation>44</Navigation>
        </Message>
        <Message>
            <ID>35901328</ID>
            <Severity>1</Severity>
            <Dynamic>c:/lscc/radiant/3.1/ip/pmi/pmi_ice40up.v(6):</Dynamic>
            <Dynamic>c:/lscc/radiant/3.1/ip/pmi/pmi_fifo_dc.v</Dynamic>
            <Navigation>c:/lscc/radiant/3.1/ip/pmi/pmi_ice40up.v</Navigation>
            <Navigation>6</Navigation>
        </Message>
        <Message>
            <ID>35901328</ID>
            <Severity>1</Severity>
            <Dynamic>c:/lscc/radiant/3.1/ip/pmi/pmi_fifo_dc.v(47):</Dynamic>
            <Dynamic>c:/lscc/radiant/3.1/ip/pmi/../common/fifo_dc/rtl/lscc_fifo_dc.v</Dynamic>
            <Navigation>c:/lscc/radiant/3.1/ip/pmi/pmi_fifo_dc.v</Navigation>
            <Navigation>47</Navigation>
        </Message>
        <Message>
            <ID>35901328</ID>
            <Severity>1</Severity>
            <Dynamic>c:/lscc/radiant/3.1/ip/pmi/pmi_ice40up.v(7):</Dynamic>
            <Dynamic>c:/lscc/radiant/3.1/ip/pmi/pmi_mac.v</Dynamic>
            <Navigation>c:/lscc/radiant/3.1/ip/pmi/pmi_ice40up.v</Navigation>
            <Navigation>7</Navigation>
        </Message>
        <Message>
            <ID>35901328</ID>
            <Severity>1</Severity>
            <Dynamic>c:/lscc/radiant/3.1/ip/pmi/pmi_mac.v(52):</Dynamic>
            <Dynamic>c:/lscc/radiant/3.1/ip/pmi/../common/mult_accumulate/rtl/lscc_mult_accumulate.v</Dynamic>
            <Navigation>c:/lscc/radiant/3.1/ip/pmi/pmi_mac.v</Navigation>
            <Navigation>52</Navigation>
        </Message>
        <Message>
            <ID>35901328</ID>
            <Severity>1</Severity>
            <Dynamic>c:/lscc/radiant/3.1/ip/pmi/pmi_ice40up.v(8):</Dynamic>
            <Dynamic>c:/lscc/radiant/3.1/ip/pmi/pmi_multaddsubsum.v</Dynamic>
            <Navigation>c:/lscc/radiant/3.1/ip/pmi/pmi_ice40up.v</Navigation>
            <Navigation>8</Navigation>
        </Message>
        <Message>
            <ID>35901328</ID>
            <Severity>1</Severity>
            <Dynamic>c:/lscc/radiant/3.1/ip/pmi/pmi_multaddsubsum.v(53):</Dynamic>
            <Dynamic>c:/lscc/radiant/3.1/ip/pmi/../common/mult_add_sub_sum/rtl/lscc_mult_add_sub_sum.v</Dynamic>
            <Navigation>c:/lscc/radiant/3.1/ip/pmi/pmi_multaddsubsum.v</Navigation>
            <Navigation>53</Navigation>
        </Message>
        <Message>
            <ID>35901328</ID>
            <Severity>1</Severity>
            <Dynamic>c:/lscc/radiant/3.1/ip/pmi/pmi_ice40up.v(9):</Dynamic>
            <Dynamic>c:/lscc/radiant/3.1/ip/pmi/pmi_multaddsub.v</Dynamic>
            <Navigation>c:/lscc/radiant/3.1/ip/pmi/pmi_ice40up.v</Navigation>
            <Navigation>9</Navigation>
        </Message>
        <Message>
            <ID>35901328</ID>
            <Severity>1</Severity>
            <Dynamic>c:/lscc/radiant/3.1/ip/pmi/pmi_multaddsub.v(52):</Dynamic>
            <Dynamic>c:/lscc/radiant/3.1/ip/pmi/../common/mult_add_sub/rtl/lscc_mult_add_sub.v</Dynamic>
            <Navigation>c:/lscc/radiant/3.1/ip/pmi/pmi_multaddsub.v</Navigation>
            <Navigation>52</Navigation>
        </Message>
        <Message>
            <ID>35901328</ID>
            <Severity>1</Severity>
            <Dynamic>c:/lscc/radiant/3.1/ip/pmi/pmi_ice40up.v(10):</Dynamic>
            <Dynamic>c:/lscc/radiant/3.1/ip/pmi/pmi_mult.v</Dynamic>
            <Navigation>c:/lscc/radiant/3.1/ip/pmi/pmi_ice40up.v</Navigation>
            <Navigation>10</Navigation>
        </Message>
        <Message>
            <ID>35901328</ID>
            <Severity>1</Severity>
            <Dynamic>c:/lscc/radiant/3.1/ip/pmi/pmi_mult.v(51):</Dynamic>
            <Dynamic>c:/lscc/radiant/3.1/ip/pmi/../common/multiplier/rtl/lscc_multiplier.v</Dynamic>
            <Navigation>c:/lscc/radiant/3.1/ip/pmi/pmi_mult.v</Navigation>
            <Navigation>51</Navigation>
        </Message>
        <Message>
            <ID>35901328</ID>
            <Severity>1</Severity>
            <Dynamic>c:/lscc/radiant/3.1/ip/pmi/pmi_ice40up.v(11):</Dynamic>
            <Dynamic>c:/lscc/radiant/3.1/ip/pmi/pmi_ram_dp.v</Dynamic>
            <Navigation>c:/lscc/radiant/3.1/ip/pmi/pmi_ice40up.v</Navigation>
            <Navigation>11</Navigation>
        </Message>
        <Message>
            <ID>35901328</ID>
            <Severity>1</Severity>
            <Dynamic>c:/lscc/radiant/3.1/ip/pmi/pmi_ram_dp.v(48):</Dynamic>
            <Dynamic>c:/lscc/radiant/3.1/ip/pmi/../common/ram_dp/rtl/lscc_ram_dp.v</Dynamic>
            <Navigation>c:/lscc/radiant/3.1/ip/pmi/pmi_ram_dp.v</Navigation>
            <Navigation>48</Navigation>
        </Message>
        <Message>
            <ID>35901328</ID>
            <Severity>1</Severity>
            <Dynamic>c:/lscc/radiant/3.1/ip/pmi/pmi_ice40up.v(12):</Dynamic>
            <Dynamic>c:/lscc/radiant/3.1/ip/pmi/pmi_ram_dq.v</Dynamic>
            <Navigation>c:/lscc/radiant/3.1/ip/pmi/pmi_ice40up.v</Navigation>
            <Navigation>12</Navigation>
        </Message>
        <Message>
            <ID>35901328</ID>
            <Severity>1</Severity>
            <Dynamic>c:/lscc/radiant/3.1/ip/pmi/pmi_ram_dq.v(45):</Dynamic>
            <Dynamic>c:/lscc/radiant/3.1/ip/pmi/../common/ram_dq/rtl/lscc_ram_dq.v</Dynamic>
            <Navigation>c:/lscc/radiant/3.1/ip/pmi/pmi_ram_dq.v</Navigation>
            <Navigation>45</Navigation>
        </Message>
        <Message>
            <ID>35901328</ID>
            <Severity>1</Severity>
            <Dynamic>c:/lscc/radiant/3.1/ip/pmi/pmi_ice40up.v(13):</Dynamic>
            <Dynamic>c:/lscc/radiant/3.1/ip/pmi/pmi_rom.v</Dynamic>
            <Navigation>c:/lscc/radiant/3.1/ip/pmi/pmi_ice40up.v</Navigation>
            <Navigation>13</Navigation>
        </Message>
        <Message>
            <ID>35901328</ID>
            <Severity>1</Severity>
            <Dynamic>c:/lscc/radiant/3.1/ip/pmi/pmi_rom.v(45):</Dynamic>
            <Dynamic>c:/lscc/radiant/3.1/ip/pmi/../common/rom/rtl/lscc_rom.v</Dynamic>
            <Navigation>c:/lscc/radiant/3.1/ip/pmi/pmi_rom.v</Navigation>
            <Navigation>45</Navigation>
        </Message>
        <Message>
            <ID>35901328</ID>
            <Severity>1</Severity>
            <Dynamic>c:/lscc/radiant/3.1/ip/pmi/pmi_ice40up.v(14):</Dynamic>
            <Dynamic>c:/lscc/radiant/3.1/ip/pmi/pmi_sub.v</Dynamic>
            <Navigation>c:/lscc/radiant/3.1/ip/pmi/pmi_ice40up.v</Navigation>
            <Navigation>14</Navigation>
        </Message>
        <Message>
            <ID>35901328</ID>
            <Severity>1</Severity>
            <Dynamic>c:/lscc/radiant/3.1/ip/pmi/pmi_sub.v(50):</Dynamic>
            <Dynamic>c:/lscc/radiant/3.1/ip/pmi/../common/subtractor/rtl/lscc_subtractor.v</Dynamic>
            <Navigation>c:/lscc/radiant/3.1/ip/pmi/pmi_sub.v</Navigation>
            <Navigation>50</Navigation>
        </Message>
        <Message>
            <ID>35901328</ID>
            <Severity>1</Severity>
            <Dynamic>c:/lscc/radiant/3.1/ip/pmi/pmi_ice40up.v(15):</Dynamic>
            <Dynamic>c:/lscc/radiant/3.1/ip/pmi/pmi_ram_dp_be.v</Dynamic>
            <Navigation>c:/lscc/radiant/3.1/ip/pmi/pmi_ice40up.v</Navigation>
            <Navigation>15</Navigation>
        </Message>
        <Message>
            <ID>35901328</ID>
            <Severity>1</Severity>
            <Dynamic>c:/lscc/radiant/3.1/ip/pmi/pmi_ram_dp_be.v(49):</Dynamic>
            <Dynamic>c:/lscc/radiant/3.1/ip/pmi/../common/ram_dp/rtl/lscc_ram_dp.v</Dynamic>
            <Navigation>c:/lscc/radiant/3.1/ip/pmi/pmi_ram_dp_be.v</Navigation>
            <Navigation>49</Navigation>
        </Message>
        <Message>
            <ID>35901328</ID>
            <Severity>1</Severity>
            <Dynamic>c:/lscc/radiant/3.1/ip/pmi/pmi_ice40up.v(16):</Dynamic>
            <Dynamic>c:/lscc/radiant/3.1/ip/pmi/pmi_ram_dq_be.v</Dynamic>
            <Navigation>c:/lscc/radiant/3.1/ip/pmi/pmi_ice40up.v</Navigation>
            <Navigation>16</Navigation>
        </Message>
        <Message>
            <ID>35901328</ID>
            <Severity>1</Severity>
            <Dynamic>c:/lscc/radiant/3.1/ip/pmi/pmi_ram_dq_be.v(45):</Dynamic>
            <Dynamic>c:/lscc/radiant/3.1/ip/pmi/../common/ram_dq/rtl/lscc_ram_dq.v</Dynamic>
            <Navigation>c:/lscc/radiant/3.1/ip/pmi/pmi_ram_dq_be.v</Navigation>
            <Navigation>45</Navigation>
        </Message>
        <Message>
            <ID>35901328</ID>
            <Severity>1</Severity>
            <Dynamic>c:/lscc/radiant/3.1/ip/pmi/pmi_ice40up.v(17):</Dynamic>
            <Dynamic>c:/lscc/radiant/3.1/ip/pmi/pmi_dsp.v</Dynamic>
            <Navigation>c:/lscc/radiant/3.1/ip/pmi/pmi_ice40up.v</Navigation>
            <Navigation>17</Navigation>
        </Message>
        <Message>
            <ID>35921014</ID>
            <Severity>1</Severity>
            <Dynamic>c:/lscc/radiant/3.1/ip/pmi/pmi_ice40up.vhd(4):</Dynamic>
            <Dynamic>components</Dynamic>
            <Navigation>c:/lscc/radiant/3.1/ip/pmi/pmi_ice40up.vhd</Navigation>
            <Navigation>4</Navigation>
        </Message>
        <Message>
            <ID>35921504</ID>
            <Severity>1</Severity>
            <Dynamic></Dynamic>
            <Dynamic>C:/Users/Daniel/Desktop/FinalTopModule/FinalProject/impl_1</Dynamic>
        </Message>
        <Message>
            <ID>35901018</ID>
            <Severity>1</Severity>
            <Dynamic>c:/users/daniel/desktop/finaltopmodule/finalproject/source/impl_1/topwclks.v(8):</Dynamic>
            <Dynamic>topwclks</Dynamic>
            <Navigation>c:/users/daniel/desktop/finaltopmodule/finalproject/source/impl_1/topwclks.v</Navigation>
            <Navigation>8</Navigation>
        </Message>
        <Message>
            <ID>35901018</ID>
            <Severity>1</Severity>
            <Dynamic>c:/users/daniel/desktop/finaltopmodule/finalproject/source/impl_1/hbc_wrapper.v(23):</Dynamic>
            <Dynamic>hbc_wrapper</Dynamic>
            <Navigation>c:/users/daniel/desktop/finaltopmodule/finalproject/source/impl_1/hbc_wrapper.v</Navigation>
            <Navigation>23</Navigation>
        </Message>
        <Message>
            <ID>35901018</ID>
            <Severity>1</Severity>
            <Dynamic>c:/users/daniel/desktop/finaltopmodule/finalproject/source/impl_1/hbc.v(23):</Dynamic>
            <Dynamic>hbc</Dynamic>
            <Navigation>c:/users/daniel/desktop/finaltopmodule/finalproject/source/impl_1/hbc.v</Navigation>
            <Navigation>23</Navigation>
        </Message>
        <Message>
            <ID>35901209</ID>
            <Severity>16</Severity>
            <Dynamic>c:/users/daniel/desktop/finaltopmodule/finalproject/source/impl_1/hbc.v(180):</Dynamic>
            <Dynamic>32</Dynamic>
            <Dynamic>1</Dynamic>
            <Navigation>c:/users/daniel/desktop/finaltopmodule/finalproject/source/impl_1/hbc.v</Navigation>
            <Navigation>180</Navigation>
        </Message>
        <Message>
            <ID>35901018</ID>
            <Severity>1</Severity>
            <Dynamic>c:/users/daniel/desktop/finaltopmodule/finalproject/source/impl_1/hbc_io.v(21):</Dynamic>
            <Dynamic>hbc_io</Dynamic>
            <Navigation>c:/users/daniel/desktop/finaltopmodule/finalproject/source/impl_1/hbc_io.v</Navigation>
            <Navigation>21</Navigation>
        </Message>
        <Message>
            <ID>35901018</ID>
            <Severity>1</Severity>
            <Dynamic>c:/users/daniel/desktop/finaltopmodule/finalproject/source/impl_1/serialout.v(1):</Dynamic>
            <Dynamic>SerialOut</Dynamic>
            <Navigation>c:/users/daniel/desktop/finaltopmodule/finalproject/source/impl_1/serialout.v</Navigation>
            <Navigation>1</Navigation>
        </Message>
        <Message>
            <ID>35901142</ID>
            <Severity>16</Severity>
            <Dynamic>c:/users/daniel/desktop/finaltopmodule/finalproject/source/impl_1/topwclks.v(130):</Dynamic>
            <Dynamic>display</Dynamic>
            <Navigation>c:/users/daniel/desktop/finaltopmodule/finalproject/source/impl_1/topwclks.v</Navigation>
            <Navigation>130</Navigation>
        </Message>
        <Message>
            <ID>35901142</ID>
            <Severity>16</Severity>
            <Dynamic>c:/users/daniel/desktop/finaltopmodule/finalproject/source/impl_1/topwclks.v(139):</Dynamic>
            <Dynamic>display</Dynamic>
            <Navigation>c:/users/daniel/desktop/finaltopmodule/finalproject/source/impl_1/topwclks.v</Navigation>
            <Navigation>139</Navigation>
        </Message>
        <Message>
            <ID>35901142</ID>
            <Severity>16</Severity>
            <Dynamic>c:/users/daniel/desktop/finaltopmodule/finalproject/source/impl_1/topwclks.v(146):</Dynamic>
            <Dynamic>display</Dynamic>
            <Navigation>c:/users/daniel/desktop/finaltopmodule/finalproject/source/impl_1/topwclks.v</Navigation>
            <Navigation>146</Navigation>
        </Message>
        <Message>
            <ID>35901142</ID>
            <Severity>16</Severity>
            <Dynamic>c:/users/daniel/desktop/finaltopmodule/finalproject/source/impl_1/topwclks.v(152):</Dynamic>
            <Dynamic>display</Dynamic>
            <Navigation>c:/users/daniel/desktop/finaltopmodule/finalproject/source/impl_1/topwclks.v</Navigation>
            <Navigation>152</Navigation>
        </Message>
        <Message>
            <ID>35901142</ID>
            <Severity>16</Severity>
            <Dynamic>c:/users/daniel/desktop/finaltopmodule/finalproject/source/impl_1/topwclks.v(161):</Dynamic>
            <Dynamic>display</Dynamic>
            <Navigation>c:/users/daniel/desktop/finaltopmodule/finalproject/source/impl_1/topwclks.v</Navigation>
            <Navigation>161</Navigation>
        </Message>
        <Message>
            <ID>35901142</ID>
            <Severity>16</Severity>
            <Dynamic>c:/users/daniel/desktop/finaltopmodule/finalproject/source/impl_1/topwclks.v(169):</Dynamic>
            <Dynamic>display</Dynamic>
            <Navigation>c:/users/daniel/desktop/finaltopmodule/finalproject/source/impl_1/topwclks.v</Navigation>
            <Navigation>169</Navigation>
        </Message>
        <Message>
            <ID>35901142</ID>
            <Severity>16</Severity>
            <Dynamic>c:/users/daniel/desktop/finaltopmodule/finalproject/source/impl_1/topwclks.v(192):</Dynamic>
            <Dynamic>display</Dynamic>
            <Navigation>c:/users/daniel/desktop/finaltopmodule/finalproject/source/impl_1/topwclks.v</Navigation>
            <Navigation>192</Navigation>
        </Message>
        <Message>
            <ID>35935013</ID>
            <Severity>16</Severity>
            <Dynamic>c:/users/daniel/desktop/finaltopmodule/finalproject/source/impl_1/topwclks.v(198):</Dynamic>
            <Dynamic>i_cfg_access</Dynamic>
            <Navigation>c:/users/daniel/desktop/finaltopmodule/finalproject/source/impl_1/topwclks.v</Navigation>
            <Navigation>198</Navigation>
        </Message>
        <Message>
            <ID>35001774</ID>
            <Severity>1</Severity>
            <Dynamic>\hbc/u_hbc/state</Dynamic>
            <Dynamic>one-hot</Dynamic>
        </Message>
        <Message>
            <ID>35001774</ID>
            <Severity>1</Severity>
            <Dynamic>state</Dynamic>
            <Dynamic>one-hot</Dynamic>
        </Message>
        <Message>
            <ID>35001747</ID>
            <Severity>16</Severity>
            <Dynamic>7</Dynamic>
            <Dynamic>\hbc/u_hbc/state_FSM</Dynamic>
        </Message>
        <Message>
            <ID>35001747</ID>
            <Severity>16</Severity>
            <Dynamic>6</Dynamic>
            <Dynamic>\hbc/u_hbc/state_FSM</Dynamic>
        </Message>
        <Message>
            <ID>35001747</ID>
            <Severity>16</Severity>
            <Dynamic>31</Dynamic>
            <Dynamic>j2</Dynamic>
        </Message>
        <Message>
            <ID>35001747</ID>
            <Severity>16</Severity>
            <Dynamic>30</Dynamic>
            <Dynamic>j2</Dynamic>
        </Message>
        <Message>
            <ID>35001747</ID>
            <Severity>16</Severity>
            <Dynamic>29</Dynamic>
            <Dynamic>j2</Dynamic>
        </Message>
        <Message>
            <ID>35001747</ID>
            <Severity>16</Severity>
            <Dynamic>28</Dynamic>
            <Dynamic>j2</Dynamic>
        </Message>
        <Message>
            <ID>35001747</ID>
            <Severity>16</Severity>
            <Dynamic>27</Dynamic>
            <Dynamic>j2</Dynamic>
        </Message>
        <Message>
            <ID>35001747</ID>
            <Severity>16</Severity>
            <Dynamic>26</Dynamic>
            <Dynamic>j2</Dynamic>
        </Message>
        <Message>
            <ID>35001747</ID>
            <Severity>16</Severity>
            <Dynamic>25</Dynamic>
            <Dynamic>j2</Dynamic>
        </Message>
        <Message>
            <ID>35001747</ID>
            <Severity>16</Severity>
            <Dynamic>24</Dynamic>
            <Dynamic>j2</Dynamic>
        </Message>
        <Message>
            <ID>35001747</ID>
            <Severity>16</Severity>
            <Dynamic>23</Dynamic>
            <Dynamic>j2</Dynamic>
        </Message>
        <Message>
            <ID>35001747</ID>
            <Severity>16</Severity>
            <Dynamic>22</Dynamic>
            <Dynamic>j2</Dynamic>
        </Message>
        <Message>
            <ID>35001747</ID>
            <Severity>16</Severity>
            <Dynamic>21</Dynamic>
            <Dynamic>j2</Dynamic>
        </Message>
        <Message>
            <ID>35001747</ID>
            <Severity>16</Severity>
            <Dynamic>20</Dynamic>
            <Dynamic>j2</Dynamic>
        </Message>
        <Message>
            <ID>35001747</ID>
            <Severity>16</Severity>
            <Dynamic>19</Dynamic>
            <Dynamic>j2</Dynamic>
        </Message>
        <Message>
            <ID>35001747</ID>
            <Severity>16</Severity>
            <Dynamic>18</Dynamic>
            <Dynamic>j2</Dynamic>
        </Message>
        <Message>
            <ID>35001747</ID>
            <Severity>16</Severity>
            <Dynamic>17</Dynamic>
            <Dynamic>j2</Dynamic>
        </Message>
        <Message>
            <ID>35001747</ID>
            <Severity>16</Severity>
            <Dynamic>16</Dynamic>
            <Dynamic>j2</Dynamic>
        </Message>
        <Message>
            <ID>35001747</ID>
            <Severity>16</Severity>
            <Dynamic>15</Dynamic>
            <Dynamic>j2</Dynamic>
        </Message>
        <Message>
            <ID>35001747</ID>
            <Severity>16</Severity>
            <Dynamic>14</Dynamic>
            <Dynamic>j2</Dynamic>
        </Message>
        <Message>
            <ID>35001747</ID>
            <Severity>16</Severity>
            <Dynamic>13</Dynamic>
            <Dynamic>j2</Dynamic>
        </Message>
        <Message>
            <ID>35001747</ID>
            <Severity>16</Severity>
            <Dynamic>12</Dynamic>
            <Dynamic>j2</Dynamic>
        </Message>
        <Message>
            <ID>35001747</ID>
            <Severity>16</Severity>
            <Dynamic>11</Dynamic>
            <Dynamic>j2</Dynamic>
        </Message>
        <Message>
            <ID>35001747</ID>
            <Severity>16</Severity>
            <Dynamic>10</Dynamic>
            <Dynamic>j2</Dynamic>
        </Message>
        <Message>
            <ID>35001747</ID>
            <Severity>16</Severity>
            <Dynamic>9</Dynamic>
            <Dynamic>j2</Dynamic>
        </Message>
        <Message>
            <ID>35001747</ID>
            <Severity>16</Severity>
            <Dynamic>8</Dynamic>
            <Dynamic>j2</Dynamic>
        </Message>
        <Message>
            <ID>35001747</ID>
            <Severity>16</Severity>
            <Dynamic>7</Dynamic>
            <Dynamic>j2</Dynamic>
        </Message>
        <Message>
            <ID>35001747</ID>
            <Severity>16</Severity>
            <Dynamic>6</Dynamic>
            <Dynamic>j2</Dynamic>
        </Message>
        <Message>
            <ID>35001747</ID>
            <Severity>16</Severity>
            <Dynamic>5</Dynamic>
            <Dynamic>j2</Dynamic>
        </Message>
        <Message>
            <ID>35001747</ID>
            <Severity>16</Severity>
            <Dynamic>4</Dynamic>
            <Dynamic>j2</Dynamic>
        </Message>
        <Message>
            <ID>35001747</ID>
            <Severity>16</Severity>
            <Dynamic>3</Dynamic>
            <Dynamic>j2</Dynamic>
        </Message>
        <Message>
            <ID>35001747</ID>
            <Severity>16</Severity>
            <Dynamic>2</Dynamic>
            <Dynamic>j2</Dynamic>
        </Message>
        <Message>
            <ID>35001747</ID>
            <Severity>16</Severity>
            <Dynamic>1</Dynamic>
            <Dynamic>j2</Dynamic>
        </Message>
        <Message>
            <ID>35001747</ID>
            <Severity>16</Severity>
            <Dynamic>46</Dynamic>
            <Dynamic>\hbc/u_hbc/ca</Dynamic>
        </Message>
        <Message>
            <ID>35001747</ID>
            <Severity>16</Severity>
            <Dynamic>45</Dynamic>
            <Dynamic>\hbc/u_hbc/ca</Dynamic>
        </Message>
        <Message>
            <ID>35001747</ID>
            <Severity>16</Severity>
            <Dynamic>15</Dynamic>
            <Dynamic>\hbc/u_hbc/ca</Dynamic>
        </Message>
        <Message>
            <ID>35001747</ID>
            <Severity>16</Severity>
            <Dynamic>14</Dynamic>
            <Dynamic>\hbc/u_hbc/ca</Dynamic>
        </Message>
        <Message>
            <ID>35001747</ID>
            <Severity>16</Severity>
            <Dynamic>13</Dynamic>
            <Dynamic>\hbc/u_hbc/ca</Dynamic>
        </Message>
        <Message>
            <ID>35001747</ID>
            <Severity>16</Severity>
            <Dynamic>12</Dynamic>
            <Dynamic>\hbc/u_hbc/ca</Dynamic>
        </Message>
        <Message>
            <ID>35001747</ID>
            <Severity>16</Severity>
            <Dynamic>11</Dynamic>
            <Dynamic>\hbc/u_hbc/ca</Dynamic>
        </Message>
        <Message>
            <ID>35001747</ID>
            <Severity>16</Severity>
            <Dynamic>10</Dynamic>
            <Dynamic>\hbc/u_hbc/ca</Dynamic>
        </Message>
        <Message>
            <ID>35001747</ID>
            <Severity>16</Severity>
            <Dynamic>9</Dynamic>
            <Dynamic>\hbc/u_hbc/ca</Dynamic>
        </Message>
        <Message>
            <ID>35001747</ID>
            <Severity>16</Severity>
            <Dynamic>8</Dynamic>
            <Dynamic>\hbc/u_hbc/ca</Dynamic>
        </Message>
        <Message>
            <ID>35001747</ID>
            <Severity>16</Severity>
            <Dynamic>7</Dynamic>
            <Dynamic>\hbc/u_hbc/ca</Dynamic>
        </Message>
        <Message>
            <ID>35001747</ID>
            <Severity>16</Severity>
            <Dynamic>6</Dynamic>
            <Dynamic>\hbc/u_hbc/ca</Dynamic>
        </Message>
        <Message>
            <ID>35001747</ID>
            <Severity>16</Severity>
            <Dynamic>5</Dynamic>
            <Dynamic>\hbc/u_hbc/ca</Dynamic>
        </Message>
        <Message>
            <ID>35001747</ID>
            <Severity>16</Severity>
            <Dynamic>4</Dynamic>
            <Dynamic>\hbc/u_hbc/ca</Dynamic>
        </Message>
        <Message>
            <ID>35001747</ID>
            <Severity>16</Severity>
            <Dynamic>3</Dynamic>
            <Dynamic>\hbc/u_hbc/ca</Dynamic>
        </Message>
        <Message>
            <ID>35001747</ID>
            <Severity>16</Severity>
            <Dynamic>31</Dynamic>
            <Dynamic>j</Dynamic>
        </Message>
        <Message>
            <ID>35001747</ID>
            <Severity>16</Severity>
            <Dynamic>30</Dynamic>
            <Dynamic>j</Dynamic>
        </Message>
        <Message>
            <ID>35001747</ID>
            <Severity>16</Severity>
            <Dynamic>29</Dynamic>
            <Dynamic>j</Dynamic>
        </Message>
        <Message>
            <ID>35001747</ID>
            <Severity>16</Severity>
            <Dynamic>28</Dynamic>
            <Dynamic>j</Dynamic>
        </Message>
        <Message>
            <ID>35001747</ID>
            <Severity>16</Severity>
            <Dynamic>27</Dynamic>
            <Dynamic>j</Dynamic>
        </Message>
        <Message>
            <ID>35001747</ID>
            <Severity>16</Severity>
            <Dynamic>26</Dynamic>
            <Dynamic>j</Dynamic>
        </Message>
        <Message>
            <ID>35001747</ID>
            <Severity>16</Severity>
            <Dynamic>25</Dynamic>
            <Dynamic>j</Dynamic>
        </Message>
        <Message>
            <ID>35001747</ID>
            <Severity>16</Severity>
            <Dynamic>24</Dynamic>
            <Dynamic>j</Dynamic>
        </Message>
        <Message>
            <ID>35001747</ID>
            <Severity>16</Severity>
            <Dynamic>23</Dynamic>
            <Dynamic>j</Dynamic>
        </Message>
        <Message>
            <ID>35001747</ID>
            <Severity>16</Severity>
            <Dynamic>22</Dynamic>
            <Dynamic>j</Dynamic>
        </Message>
        <Message>
            <ID>35001747</ID>
            <Severity>16</Severity>
            <Dynamic>21</Dynamic>
            <Dynamic>j</Dynamic>
        </Message>
        <Message>
            <ID>35001747</ID>
            <Severity>16</Severity>
            <Dynamic>20</Dynamic>
            <Dynamic>j</Dynamic>
        </Message>
        <Message>
            <ID>35001747</ID>
            <Severity>16</Severity>
            <Dynamic>19</Dynamic>
            <Dynamic>j</Dynamic>
        </Message>
        <Message>
            <ID>35001747</ID>
            <Severity>16</Severity>
            <Dynamic>18</Dynamic>
            <Dynamic>j</Dynamic>
        </Message>
        <Message>
            <ID>35001747</ID>
            <Severity>16</Severity>
            <Dynamic>17</Dynamic>
            <Dynamic>j</Dynamic>
        </Message>
        <Message>
            <ID>35001747</ID>
            <Severity>16</Severity>
            <Dynamic>16</Dynamic>
            <Dynamic>j</Dynamic>
        </Message>
        <Message>
            <ID>35001747</ID>
            <Severity>16</Severity>
            <Dynamic>15</Dynamic>
            <Dynamic>j</Dynamic>
        </Message>
        <Message>
            <ID>35001747</ID>
            <Severity>16</Severity>
            <Dynamic>14</Dynamic>
            <Dynamic>j</Dynamic>
        </Message>
        <Message>
            <ID>35001747</ID>
            <Severity>16</Severity>
            <Dynamic>13</Dynamic>
            <Dynamic>j</Dynamic>
        </Message>
        <Message>
            <ID>35001747</ID>
            <Severity>16</Severity>
            <Dynamic>12</Dynamic>
            <Dynamic>j</Dynamic>
        </Message>
        <Message>
            <ID>35001747</ID>
            <Severity>16</Severity>
            <Dynamic>11</Dynamic>
            <Dynamic>j</Dynamic>
        </Message>
        <Message>
            <ID>35001747</ID>
            <Severity>16</Severity>
            <Dynamic>10</Dynamic>
            <Dynamic>j</Dynamic>
        </Message>
        <Message>
            <ID>35001747</ID>
            <Severity>16</Severity>
            <Dynamic>9</Dynamic>
            <Dynamic>j</Dynamic>
        </Message>
        <Message>
            <ID>35001747</ID>
            <Severity>16</Severity>
            <Dynamic>8</Dynamic>
            <Dynamic>j</Dynamic>
        </Message>
        <Message>
            <ID>35001747</ID>
            <Severity>16</Severity>
            <Dynamic>7</Dynamic>
            <Dynamic>j</Dynamic>
        </Message>
        <Message>
            <ID>35001747</ID>
            <Severity>16</Severity>
            <Dynamic>6</Dynamic>
            <Dynamic>j</Dynamic>
        </Message>
        <Message>
            <ID>35001747</ID>
            <Severity>16</Severity>
            <Dynamic>5</Dynamic>
            <Dynamic>j</Dynamic>
        </Message>
        <Message>
            <ID>35001747</ID>
            <Severity>16</Severity>
            <Dynamic>4</Dynamic>
            <Dynamic>j</Dynamic>
        </Message>
        <Message>
            <ID>35001747</ID>
            <Severity>16</Severity>
            <Dynamic>3</Dynamic>
            <Dynamic>j</Dynamic>
        </Message>
        <Message>
            <ID>35001747</ID>
            <Severity>16</Severity>
            <Dynamic>2</Dynamic>
            <Dynamic>j</Dynamic>
        </Message>
        <Message>
            <ID>35001747</ID>
            <Severity>16</Severity>
            <Dynamic>1</Dynamic>
            <Dynamic>j</Dynamic>
        </Message>
        <Message>
            <ID>35001783</ID>
            <Severity>16</Severity>
            <Dynamic>i1220</Dynamic>
        </Message>
        <Message>
            <ID>35001783</ID>
            <Severity>16</Severity>
            <Dynamic>i1213</Dynamic>
        </Message>
        <Message>
            <ID>35001783</ID>
            <Severity>16</Severity>
            <Dynamic>i1227</Dynamic>
        </Message>
        <Message>
            <ID>35001783</ID>
            <Severity>16</Severity>
            <Dynamic>i1234</Dynamic>
        </Message>
        <Message>
            <ID>35001783</ID>
            <Severity>16</Severity>
            <Dynamic>i1241</Dynamic>
        </Message>
        <Message>
            <ID>35001783</ID>
            <Severity>16</Severity>
            <Dynamic>i1248</Dynamic>
        </Message>
        <Message>
            <ID>35001783</ID>
            <Severity>16</Severity>
            <Dynamic>i1255</Dynamic>
        </Message>
        <Message>
            <ID>35001783</ID>
            <Severity>16</Severity>
            <Dynamic>i1262</Dynamic>
        </Message>
        <Message>
            <ID>35001783</ID>
            <Severity>16</Severity>
            <Dynamic>i1269</Dynamic>
        </Message>
        <Message>
            <ID>35001783</ID>
            <Severity>16</Severity>
            <Dynamic>i1276</Dynamic>
        </Message>
        <Message>
            <ID>35001783</ID>
            <Severity>16</Severity>
            <Dynamic>i1283</Dynamic>
        </Message>
        <Message>
            <ID>35001783</ID>
            <Severity>16</Severity>
            <Dynamic>i1290</Dynamic>
        </Message>
        <Message>
            <ID>35001783</ID>
            <Severity>16</Severity>
            <Dynamic>i1297</Dynamic>
        </Message>
        <Message>
            <ID>35001783</ID>
            <Severity>16</Severity>
            <Dynamic>i1304</Dynamic>
        </Message>
        <Message>
            <ID>35001783</ID>
            <Severity>16</Severity>
            <Dynamic>i1311</Dynamic>
        </Message>
        <Message>
            <ID>35001783</ID>
            <Severity>16</Severity>
            <Dynamic>i1318</Dynamic>
        </Message>
        <Message>
            <ID>35001783</ID>
            <Severity>16</Severity>
            <Dynamic>i1325</Dynamic>
        </Message>
        <Message>
            <ID>35001783</ID>
            <Severity>16</Severity>
            <Dynamic>i1332</Dynamic>
        </Message>
        <Message>
            <ID>35001783</ID>
            <Severity>16</Severity>
            <Dynamic>i1339</Dynamic>
        </Message>
        <Message>
            <ID>35001783</ID>
            <Severity>16</Severity>
            <Dynamic>i1346</Dynamic>
        </Message>
        <Message>
            <ID>35001783</ID>
            <Severity>16</Severity>
            <Dynamic>i1353</Dynamic>
        </Message>
        <Message>
            <ID>35001783</ID>
            <Severity>16</Severity>
            <Dynamic>i1360</Dynamic>
        </Message>
        <Message>
            <ID>35001783</ID>
            <Severity>16</Severity>
            <Dynamic>i1367</Dynamic>
        </Message>
        <Message>
            <ID>35001783</ID>
            <Severity>16</Severity>
            <Dynamic>i1374</Dynamic>
        </Message>
        <Message>
            <ID>35001783</ID>
            <Severity>16</Severity>
            <Dynamic>i1381</Dynamic>
        </Message>
        <Message>
            <ID>35001783</ID>
            <Severity>16</Severity>
            <Dynamic>i1388</Dynamic>
        </Message>
        <Message>
            <ID>35001783</ID>
            <Severity>16</Severity>
            <Dynamic>i1395</Dynamic>
        </Message>
        <Message>
            <ID>35001783</ID>
            <Severity>16</Severity>
            <Dynamic>i1402</Dynamic>
        </Message>
        <Message>
            <ID>35001783</ID>
            <Severity>16</Severity>
            <Dynamic>i1409</Dynamic>
        </Message>
        <Message>
            <ID>35001783</ID>
            <Severity>16</Severity>
            <Dynamic>i1416</Dynamic>
        </Message>
        <Message>
            <ID>35001783</ID>
            <Severity>16</Severity>
            <Dynamic>i1423</Dynamic>
        </Message>
        <Message>
            <ID>35001783</ID>
            <Severity>16</Severity>
            <Dynamic>i1430</Dynamic>
        </Message>
    </Task>
</BaliMessageLog>